{
    "camera_angle_x": 1.0471975803375244,
    "view_cell_center": [
        1.536,
        -0.893677,
        0.95
    ],
    "view_cell_size": [
        1,
        1,
        1
    ],
    "camera_base_orientation": [
        [
            0.4632960259914398,
            -0.3632752597332001,
            0.8083240985870361,
            1.5360000133514404
        ],
        [
            0.8862035870552063,
            0.1899157166481018,
            -0.42258164286613464,
            -0.8936769962310791
        ],
        [
            0.0,
            0.9121201038360596,
            0.4099230170249939,
            0.949999988079071
        ],
        [
            0.0,
            0.0,
            0.0,
            1.0
        ]
    ],
    "resolution": [
        800,
        800
    ],
    "random_seed": 42,
    "flip_depth": true,
    "depth_distance_adjustment": true,
    "depth_ignore": 10.0,
    "depth_range": [
        0.5999020725488663,
        3.6212123036384583
    ],
    "depth_range_warped_log": [
        0.14045391082763672,
        2.166609334945679
    ],
    "depth_range_warped_lin": [
        0.14045379757881163,
        2.1666088342666625
    ]
}